{"TimeStamp":"Fri Jul 16 09:11:06 2021\n","Circuits":{"ExitCode":"0","TraceCount":"2","Mode":"SPICE","Type":"TIRestricted","Models":[{"ModelName":"X_U1.Xe_n.DVN","FileName":"c:\\users\\a0232292\\desktop\\models\\fixed_pspice\\round3\\name_revert\\lmx58_lm2904.lib","ModelType":".model","DeviceType":"D","Source":"FROM_INC","isLibSigned":"false","isAllowed":"false"},{"ModelName":"X_U1.Xi_nn.DVNF","FileName":"c:\\users\\a0232292\\desktop\\models\\fixed_pspice\\round3\\name_revert\\lmx58_lm2904.lib","ModelType":".model","DeviceType":"D","Source":"FROM_INC","isLibSigned":"false","isAllowed":"false"},{"ModelName":"X_U1.Xi_np.DVNF","FileName":"c:\\users\\a0232292\\desktop\\models\\fixed_pspice\\round3\\name_revert\\lmx58_lm2904.lib","ModelType":".model","DeviceType":"D","Source":"FROM_INC","isLibSigned":"false","isAllowed":"false"},{"ModelName":"X_U1.R_NOISELESS","FileName":"c:\\users\\a0232292\\desktop\\models\\fixed_pspice\\round3\\name_revert\\lmx58_lm2904.lib","ModelType":".model","DeviceType":"R","Source":"FROM_INC","isLibSigned":"false","isAllowed":"true"},{"ModelName":"X_U1.S_VSWITCH_1","FileName":"c:\\users\\a0232292\\desktop\\models\\fixed_pspice\\round3\\name_revert\\lmx58_lm2904.lib","ModelType":".model","DeviceType":"S","Source":"FROM_INC","isLibSigned":"false","isAllowed":"true"},{"ModelName":"X_U1.S_VSWITCH_2","FileName":"c:\\users\\a0232292\\desktop\\models\\fixed_pspice\\round3\\name_revert\\lmx58_lm2904.lib","ModelType":".model","DeviceType":"S","Source":"FROM_INC","isLibSigned":"false","isAllowed":"true"},{"ModelName":"X_U1.S_VSWITCH_3","FileName":"c:\\users\\a0232292\\desktop\\models\\fixed_pspice\\round3\\name_revert\\lmx58_lm2904.lib","ModelType":".model","DeviceType":"S","Source":"FROM_INC","isLibSigned":"false","isAllowed":"true"},{"ModelName":"X_U1.S_VSWITCH_4","FileName":"c:\\users\\a0232292\\desktop\\models\\fixed_pspice\\round3\\name_revert\\lmx58_lm2904.lib","ModelType":".model","DeviceType":"S","Source":"FROM_INC","isLibSigned":"false","isAllowed":"true"},{"ModelName":"X_U1.S_VSWITCH_5","FileName":"c:\\users\\a0232292\\desktop\\models\\fixed_pspice\\round3\\name_revert\\lmx58_lm2904.lib","ModelType":".model","DeviceType":"S","Source":"FROM_INC","isLibSigned":"false","isAllowed":"true"},{"ModelName":"CLAMP_AMP_HI_0","FileName":"c:\\users\\a0232292\\desktop\\models\\fixed_pspice\\round3\\name_revert\\lmx58_lm2904.lib","ModelType":".subckt","DeviceType":"X","Source":"FROM_INC","isLibSigned":"false","isAllowed":"true"},{"ModelName":"CLAMP_AMP_LO_0","FileName":"c:\\users\\a0232292\\desktop\\models\\fixed_pspice\\round3\\name_revert\\lmx58_lm2904.lib","ModelType":".subckt","DeviceType":"X","Source":"FROM_INC","isLibSigned":"false","isAllowed":"true"},{"ModelName":"CRS_DIST_0","FileName":"c:\\users\\a0232292\\desktop\\models\\fixed_pspice\\round3\\name_revert\\lmx58_lm2904.lib","ModelType":".subckt","DeviceType":"X","Source":"FROM_INC","isLibSigned":"false","isAllowed":"true"},{"ModelName":"FEMT_0","FileName":"c:\\users\\a0232292\\desktop\\models\\fixed_pspice\\round3\\name_revert\\lmx58_lm2904.lib","ModelType":".subckt","DeviceType":"X","Source":"FROM_INC","isLibSigned":"false","isAllowed":"true"},{"ModelName":"LMX58_LM2904","FileName":"c:\\users\\a0232292\\desktop\\models\\fixed_pspice\\round3\\name_revert\\lmx58_lm2904.lib","ModelType":".subckt","DeviceType":"X","Source":"FROM_INC","isLibSigned":"false","isAllowed":"true"},{"ModelName":"OL_SENSE_0","FileName":"c:\\users\\a0232292\\desktop\\models\\fixed_pspice\\round3\\name_revert\\lmx58_lm2904.lib","ModelType":".subckt","DeviceType":"X","Source":"FROM_INC","isLibSigned":"false","isAllowed":"true"},{"ModelName":"PHASEREV_0","FileName":"c:\\users\\a0232292\\desktop\\models\\fixed_pspice\\round3\\name_revert\\lmx58_lm2904.lib","ModelType":".subckt","DeviceType":"X","Source":"FROM_INC","isLibSigned":"false","isAllowed":"true"},{"ModelName":"VCCS_EXT_LIM_0","FileName":"c:\\users\\a0232292\\desktop\\models\\fixed_pspice\\round3\\name_revert\\lmx58_lm2904.lib","ModelType":".subckt","DeviceType":"X","Source":"FROM_INC","isLibSigned":"false","isAllowed":"true"},{"ModelName":"VCCS_LIM_1_0","FileName":"c:\\users\\a0232292\\desktop\\models\\fixed_pspice\\round3\\name_revert\\lmx58_lm2904.lib","ModelType":".subckt","DeviceType":"X","Source":"FROM_INC","isLibSigned":"false","isAllowed":"true"},{"ModelName":"VCCS_LIM_2_EN_0","FileName":"c:\\users\\a0232292\\desktop\\models\\fixed_pspice\\round3\\name_revert\\lmx58_lm2904.lib","ModelType":".subckt","DeviceType":"X","Source":"FROM_INC","isLibSigned":"false","isAllowed":"true"},{"ModelName":"VCCS_LIM_3_0","FileName":"c:\\users\\a0232292\\desktop\\models\\fixed_pspice\\round3\\name_revert\\lmx58_lm2904.lib","ModelType":".subckt","DeviceType":"X","Source":"FROM_INC","isLibSigned":"false","isAllowed":"true"},{"ModelName":"VCCS_LIM_4_0","FileName":"c:\\users\\a0232292\\desktop\\models\\fixed_pspice\\round3\\name_revert\\lmx58_lm2904.lib","ModelType":".subckt","DeviceType":"X","Source":"FROM_INC","isLibSigned":"false","isAllowed":"true"},{"ModelName":"VCCS_LIM_CLAW+_0","FileName":"c:\\users\\a0232292\\desktop\\models\\fixed_pspice\\round3\\name_revert\\lmx58_lm2904.lib","ModelType":".subckt","DeviceType":"X","Source":"FROM_INC","isLibSigned":"false","isAllowed":"true"},{"ModelName":"VCCS_LIM_CLAW-_0","FileName":"c:\\users\\a0232292\\desktop\\models\\fixed_pspice\\round3\\name_revert\\lmx58_lm2904.lib","ModelType":".subckt","DeviceType":"X","Source":"FROM_INC","isLibSigned":"false","isAllowed":"true"},{"ModelName":"VCCS_LIM_GR_0","FileName":"c:\\users\\a0232292\\desktop\\models\\fixed_pspice\\round3\\name_revert\\lmx58_lm2904.lib","ModelType":".subckt","DeviceType":"X","Source":"FROM_INC","isLibSigned":"false","isAllowed":"true"},{"ModelName":"VCCS_LIM_ZO_0","FileName":"c:\\users\\a0232292\\desktop\\models\\fixed_pspice\\round3\\name_revert\\lmx58_lm2904.lib","ModelType":".subckt","DeviceType":"X","Source":"FROM_INC","isLibSigned":"false","isAllowed":"true"},{"ModelName":"VCCS_LIMIT_IQ_0","FileName":"c:\\users\\a0232292\\desktop\\models\\fixed_pspice\\round3\\name_revert\\lmx58_lm2904.lib","ModelType":".subckt","DeviceType":"X","Source":"FROM_INC","isLibSigned":"false","isAllowed":"true"},{"ModelName":"VNSE_0","FileName":"c:\\users\\a0232292\\desktop\\models\\fixed_pspice\\round3\\name_revert\\lmx58_lm2904.lib","ModelType":".subckt","DeviceType":"X","Source":"FROM_INC","isLibSigned":"false","isAllowed":"true"}]}}